parent_message_id,message_id,user_display,content,yyyymmdd,ts,thread_ts,reply_count,is_parent
1759397403.927079,1759397403.927079,yudai tonoyama,@yudai tonoyamaさんがチャンネルに参加しました,20251002,1759397403.927079,,0,True
1759398497.794479,1759398497.794479,yhorita,@yhoritaさんがチャンネルに参加しました,20251002,1759398497.794479,,0,True
1759399651.126629,1759399651.126629,Takuto Nariura,@Takuto Nariuraさんがチャンネルに参加しました,20251002,1759399651.126629,,0,True
c3a773a0-9a26-467c-be8c-5777ee585cd9,c3a773a0-9a26-467c-be8c-5777ee585cd9,Takuto Nariura,https://ghe.corp.yahoo.co.jp/ytonoyam/uniqorn/pull/38,20251002,1759399653.610699,,0,True
957e574f-d16f-4117-90b2-10c8ce77bcf4,957e574f-d16f-4117-90b2-10c8ce77bcf4,Takuto Nariura,"↑とりあえずこんな感じで、動的にワークフローを作れるというネタを作った。
まずはシングルで作ると良いんじゃないかしら with adk",20251002,1759399703.760339,1759399703.760339,2,True
957e574f-d16f-4117-90b2-10c8ce77bcf4,487abec6-8e1c-4d61-b296-a234aa958c70,Takuto Nariura,"TODOに分けてから、AgentにそれぞれのTODOのinstruct を書かせて自己生成するという感じ。

これを拡張するなら
• データは tool を入れてAPIやWeb検索を可能にする。GraphRAGも結合したい
• 出力形式は output_schema で固定して streaming 側で type をみてコンポーネントを決定
• 最初のTODOの時点で既存のAgent定義を検索して、最初からあるAgent を設定しておいてもらう - ユーザが自分で設定
みたいなところから着手すると良い気がした",20251002,1759399795.115869,1759399703.760339,0,False
957e574f-d16f-4117-90b2-10c8ce77bcf4,3c88576f-51b6-49b2-abb0-be1de65ede1c,Takuto Nariura,"細かい実装テクニックはMyTips か何かに書きます
（AI Agent について部署還元を求められているので）",20251002,1759400280.772379,1759399703.760339,0,False
1759400384.452169,1759400384.452169,ykira,@ykiraさんがチャンネルに参加しました,20251002,1759400384.452169,,0,True
1759402486.753419,1759402486.753419,konagata,@konagataさんがチャンネルに参加しました,20251002,1759402486.753419,,0,True
1759407539.390099,1759407539.390099,Tatsuya Arisawa,@Tatsuya Arisawaさんがチャンネルに参加しました,20251002,1759407539.390099,,0,True
1759413415.935269,1759413415.935269,sawaki oku,@sawaki okuさんがチャンネルに参加しました,20251002,1759413415.935269,,0,True
1759413416.000419,1759413416.000419,shokichi takakura,@shokichi takakuraさんがチャンネルに参加しました,20251002,1759413416.000419,,0,True
1759413416.057009,1759413416.057009,Yusuke Sano,@Yusuke Sanoさんがチャンネルに参加しました,20251002,1759413416.057009,,0,True
1759413416.123089,1759413416.123089,Aoi Sato,@Aoi Satoさんがチャンネルに参加しました,20251002,1759413416.123089,,0,True
1759413416.188379,1759413416.188379,issei matsumoto,@issei matsumotoさんがチャンネルに参加しました,20251002,1759413416.188379,,0,True
92b6ae18-fe59-41bf-a96a-88cce37221c4,92b6ae18-fe59-41bf-a96a-88cce37221c4,yudai tonoyama,"【GraphRAGでちょっと遊びたい話】
GraphRAG、エンティティの生成工程でトピック抽出される構造なので、トピック毎に構造化された文章データも生成できるようです
トピック毎に構造化された文章データを出力できれば人間が見て、「これはあってる」「これは違う」というのを判断できるので、明日、明後日で構造化された文章データにできるか試してみようと思ってます",20251003,1759478134.574259,,0,True
a1f8982b-2a47-45b8-a916-dbb094ec9733,a1f8982b-2a47-45b8-a916-dbb094ec9733,yudai tonoyama,今月のデモ作成としてはやらなくても良いんですが、こういうのが後々役立つこともあるのでちょっとやらせてください,20251003,1759478219.486939,1759478219.486939,2,True
a1f8982b-2a47-45b8-a916-dbb094ec9733,64f3f81a-ced5-47b7-8731-f716701c9a32,yudai tonoyama,"```+------------------+        graphrag index        +---------------------------+
|  生データ(文書群) |  ------------------------->  |  GraphRAGインデクサ         |
|  PDFs, md, etc.  |                               |  (抽出/要約/コミュニティ化) |
+------------------+                               +------------+--------------+
                                                             |
                                                             |  標準出力(編集しやすい)
                                                             v
                                                 +-----------+-------------------------+
                                                 |  出力テーブル/JSON                 |
                                                 |  entities.parquet / relations...   |
                                                 |  communities.parquet               |
                                                 |  full_content_json/*.json          |
                                                 +-----------+-------------------------+
                                                             |
                                           (人手で修正: 名寄せ/誤検出削除/階層付け)
                                                             v
                                           +-----------------+------------------+
                                           | ユーザー編集後の構造化データ         |
                                           | topics_fixed.json / csv            |
                                           +-----------------+------------------+
                                                             |
                             (増分反映: 新しい period として取り込み / update_index_output 使用)
                                                             v
+------------------+       graphrag index (incremental)     +---------------------------+
|  既存のグラフ     | <------------------------------------- |  GraphRAG(増分マージ)       |
|  (前回の出力群)   |                                       +---------------------------+
+------------------+                                                      |
                                                                          v
                                                           +--------------+-------------+
                                                           |  検索/回答 (local/global)  |
                                                           +----------------------------+```
",20251003,1759508675.684019,1759478219.486939,0,False
a1f8982b-2a47-45b8-a916-dbb094ec9733,fa24c73b-5b76-4ffe-97ab-58fb1f103a50,yudai tonoyama,"こういう感じで
1. ユーザが必要になったときに検索結果を示す
2. 間違っていれば修正
3. 修正された構造化データを増分反映
というサイクルにできそう...",20251003,1759508761.378729,1759478219.486939,0,False
bd493083-bcb5-422d-ba38-0ee8f6ddf513,bd493083-bcb5-422d-ba38-0ee8f6ddf513,yudai tonoyama,"バックエンドのタスクはこちらの5つになります！
頑張っていきましょう！:muscle:",20251004,1759510449.980619,,0,True
68729c0a-c599-456b-b7ea-92ff59e85b92,68729c0a-c599-456b-b7ea-92ff59e85b92,yudai tonoyama,MTGからタスク抽出されGraphRAGのコンテキスト補完でissueが生成されるイメージ,20251004,1759518322.641019,,0,True
baa220a8-a4d2-4f81-954b-1a98e8a7d032,baa220a8-a4d2-4f81-954b-1a98e8a7d032,yudai tonoyama,"issueの作成のためにGraphRAGで生成されたチームに関するコンテキストの一例
このように間違っている情報を編集できる。
編集するとGraphRAGのナレッジグラフが編集されるため、次回以降は正しいコンテキスト情報が出力される想定。",20251004,1759518470.703079,1759518470.703079,1,True
f188628e-2ba9-474c-a9b6-7901d8345999,f188628e-2ba9-474c-a9b6-7901d8345999,yudai tonoyama,【良さそうな案:bulb:】コンテキストの修正案を自動で提案してくれる,20251004,1759587481.460809,1759518470.703079,0,True
baa220a8-a4d2-4f81-954b-1a98e8a7d032,f188628e-2ba9-474c-a9b6-7901d8345999,yudai tonoyama,【良さそうな案:bulb:】コンテキストの修正案を自動で提案してくれる,20251004,1759587481.460809,1759518470.703079,0,False
f2b8aed5-8d55-4000-a40f-ac1ee13235b0,f2b8aed5-8d55-4000-a40f-ac1ee13235b0,yudai tonoyama,こちらがイメージを膨らませるためのモックHTML,20251004,1759518537.638219,,0,True
467abc0b-f1af-4a51-a09b-b6ec26e25df6,467abc0b-f1af-4a51-a09b-b6ec26e25df6,yudai tonoyama,"【やりたいこと】自分の理解の深掘りも含めてGraphRAGの資料を作成する
現状、GraphRAGのナレッジグラフの作成の詳細について把握できていないため調査する必要がある",20251005,1759634534.960869,1759634534.960869,7,True
45482aa6-f352-4d4e-966d-47066db75e0c,45482aa6-f352-4d4e-966d-47066db75e0c,yudai tonoyama,これ、バックエンドチーム必見かも,20251005,1759672070.691559,1759634534.960869,0,True
467abc0b-f1af-4a51-a09b-b6ec26e25df6,5306a02c-9891-4a62-9c0a-4c6ffb5403ce,yudai tonoyama,"GenSparkで生成してみたら結構良さそうなのが出来てた
https://www.genspark.ai/agents?id=1365b124-ca03-4496-97a0-437fe2c46cc6",20251005,1759671985.908929,1759634534.960869,0,False
467abc0b-f1af-4a51-a09b-b6ec26e25df6,45482aa6-f352-4d4e-966d-47066db75e0c,yudai tonoyama,これ、バックエンドチーム必見かも,20251005,1759672070.691559,1759634534.960869,0,False
467abc0b-f1af-4a51-a09b-b6ec26e25df6,e6620434-bfa7-432e-8c54-3e19b98b2678,shokichi takakura,↑これめちゃおもろいすね,20251005,1759721199.376379,1759634534.960869,0,False
467abc0b-f1af-4a51-a09b-b6ec26e25df6,ed5b2f3b-bfed-4ffb-8708-2f3af3aa9f80,yudai tonoyama,いいよねこれ,20251005,1759721323.327679,1759634534.960869,0,False
467abc0b-f1af-4a51-a09b-b6ec26e25df6,af485b12-01bf-487f-9e43-70591bca2aa9,yudai tonoyama,"Leiden法ってなんだ？となって調べたらLouvain法というグラフクラスタリングの改良手法らしい

Louvain法の解説はこの動画が神すぎた
https://www.youtube.com/watch?v=Xt0vBtBY2BU

Louvain法は、要は、ランダムなグラフ接続と比べて同じグループ内のグラフの繋がりを最大化する繋がりを貪欲的に見つける手法

Leiden法はLouvain法の局所最適化を解決するために、
1. クラスタの中でバラバラな部分がないかをチェックし、内部が必ず連結するようにする(精密化)
2. 精緻化が終わったクラスタを1つのノードとしてまとめ、新しい縮約グラフを作る
    a. 階層構造のグラフを作成する
3. これを再帰的に繰り返す",20251005,1759766659.543969,1759634534.960869,0,False
467abc0b-f1af-4a51-a09b-b6ec26e25df6,e6a73b57-361b-4bb9-8e28-9217a23a34f6,yudai tonoyama,"1. TextUnit処理（分割）
• 入力文書を分析用の最小単位「TextUnit」に分割。TextUnitは後続のグラフ抽出の出典としても使われる。
2. エンティティ抽出（関係・キークレームの抽出）
• LLMでTextUnitからエンティティとエンティティ間の関係を抽出し、知識グラフ（ノード＝エンティティ、エッジ＝関係）を構成する。キークレーム（GraphRAGでは「covariates（claim）」として出力される。誰が・いつ・どこで・何と言ったか、どの証拠に基づくかという情報）もサポートされている
3. コミュニティ検出（Leidenによる階層化）
• 構築したグラフに対し、Leiden（またはLouvain）でコミュニティを階層的に生成。
4. サマリー生成（ボトムアップ）
• 各コミュニティに対しLLMで「コミュニティ・サマリー（レポート）」を作成。下位レベルの要約を活用して上位をまとめるボトムアップ要約が公式ワークフローとして明記されている。出力にはタイトル、要約、本⽂、主要洞察（findings）などが含まれる。",20251005,1759769161.391439,1759634534.960869,0,False
467abc0b-f1af-4a51-a09b-b6ec26e25df6,f98c757d-0308-4b2a-b616-a58d83f658ca,yhorita,!subteam^S09JN45NYKF,20251005,1759830629.189719,1759634534.960869,0,False
4b9361de-169c-40c5-baa8-1e755636485e,4b9361de-169c-40c5-baa8-1e755636485e,yudai tonoyama,"!subteam^S09JN45NYKF 今日、自分は急用で開発できないのですが、手が空いている方はタスクに手をつけて頂ければと思います！:pray:
まずはgithub.comにて...。後日、org作成します！",20251005,1759634612.365889,1759634612.365889,9,True
4b9361de-169c-40c5-baa8-1e755636485e,e302b269-b4e2-41e5-bd7c-58c07fc28e6e,konagata,"@yudai tonoyama
org作成できそう？
大変そうなら自分の方でやろうかなと",20251005,1759803029.347489,1759634612.365889,0,False
4b9361de-169c-40c5-baa8-1e755636485e,1501ee5b-153f-4ed5-aa2f-a3a9b0a9317c,yudai tonoyama,そういえば、やらないといけないんだった...,20251005,1759803153.140899,1759634612.365889,0,False
4b9361de-169c-40c5-baa8-1e755636485e,50412849-9c4d-4ac6-a69d-ca0a499b5095,yudai tonoyama,名前どうしようかな...,20251005,1759803159.870819,1759634612.365889,0,False
4b9361de-169c-40c5-baa8-1e755636485e,7528fda4-a2c3-49d8-b589-be7256eb0de1,konagata,figmaだとuniQornsか,20251005,1759803230.957349,1759634612.365889,0,False
4b9361de-169c-40c5-baa8-1e755636485e,0600fb97-6db6-4111-b451-633964f21d6e,konagata,uniQorn-org,20251005,1759803261.411839,1759634612.365889,0,False
4b9361de-169c-40c5-baa8-1e755636485e,a3733c84-2f7b-46e8-9a9b-96f71b29a485,yudai tonoyama,"uniQornsも無理そう
uniQorn-orgとかかな...",20251005,1759803274.165309,1759634612.365889,0,False
4b9361de-169c-40c5-baa8-1e755636485e,3a02e5b1-8888-4f2e-b8ef-747ff0959371,yudai tonoyama,https://github.com/orgs/uniQorn-org,20251005,1759803639.319569,1759634612.365889,0,False
4b9361de-169c-40c5-baa8-1e755636485e,95253ab6-bd77-4d6e-ada2-8ea1189351fa,yudai tonoyama,こちらで！,20251005,1759803644.184359,1759634612.365889,0,False
4b9361de-169c-40c5-baa8-1e755636485e,3658738b-d23a-40e5-925d-f09b6d01212c,yudai tonoyama,nagata sanも招待した方が良さそう,20251005,1759803655.721129,1759634612.365889,0,False
003d44b6-7ebf-40a7-bde2-c51fc32d61f3,003d44b6-7ebf-40a7-bde2-c51fc32d61f3,yhorita,`第2回バックエンド会 日程調整`,20251006,1759715467.499729,1759715467.499729,11,True
003d44b6-7ebf-40a7-bde2-c51fc32d61f3,e0ce5168-b432-4170-93fc-2f29f26ea940,yhorita,@sawaki oku 10/7の18時までブロックされてるのは実質丸一日NGの認識でよいかな…？18時からならOKみたいな奇跡あったりします…？,20251006,1759715512.421029,1759715467.499729,0,False
003d44b6-7ebf-40a7-bde2-c51fc32d61f3,db63e8a5-8237-44e1-9105-1453ae701b70,sawaki oku,"18時以降だったら大丈夫！
火曜日は計画日で丸一日MTGなんだよね:cry: ただ大体早めに終わる()",20251006,1759716296.749359,1759715467.499729,0,False
003d44b6-7ebf-40a7-bde2-c51fc32d61f3,5da15f8b-38ea-417d-add2-52394ee9c4c0,yhorita,えっこれ全日予定じゃなくて全部MTG…！？wow...,20251006,1759716434.475899,1759715467.499729,0,False
003d44b6-7ebf-40a7-bde2-c51fc32d61f3,d5551c8b-3783-4b36-b70e-b48a6c2b8a5c,yhorita,"!subteam^S09JN45NYKF !subteam^S09JKBHCETD
次回のバックエンド会の日程調整をしておりますm

明日 10/7 18:00~で仮押さえさせていただきました！
都合合わない方いらっしゃったら教えてください！",20251006,1759716620.403209,1759715467.499729,0,False
003d44b6-7ebf-40a7-bde2-c51fc32d61f3,7bc8b8a0-f57a-433c-b535-da1b0fb33c04,yudai tonoyama,以前の自分のチーム(ZCP)はスクラムだったら、火曜日はMTGで１日終わってたな...,20251006,1759716631.268589,1759715467.499729,0,False
003d44b6-7ebf-40a7-bde2-c51fc32d61f3,cd203da0-bb99-4c3c-85a3-2249f2ffe4e7,yhorita,なるほど、、これがスクラム…,20251006,1759716673.713119,1759715467.499729,0,False
003d44b6-7ebf-40a7-bde2-c51fc32d61f3,b355c868-baf0-4eb3-95ad-1d4f615dafb5,konagata,19:00- MTGなのできっかりで抜けますmm,20251006,1759716787.501179,1759715467.499729,0,False
003d44b6-7ebf-40a7-bde2-c51fc32d61f3,1c002702-46df-480a-9610-0387edbd6ff3,yhorita,"@Tatsuya Arisawa
この日程で大丈夫そうですか…？急遽で申し訳ないm

（高倉せんせはカレンダーで承諾もらってるので大丈夫な認識）",20251006,1759802969.781649,1759715467.499729,0,False
003d44b6-7ebf-40a7-bde2-c51fc32d61f3,bfcea6e7-ca48-469e-9105-4d700ca69655,Tatsuya Arisawa,大丈夫です！,20251006,1759802985.890269,1759715467.499729,0,False
003d44b6-7ebf-40a7-bde2-c51fc32d61f3,68fb3d89-b72d-4347-9954-b11bc253b389,yhorita,"ありがとうございます！
では本日18:00~FIXでみなさまよろしくお願いします！mm",20251006,1759803015.667009,1759715467.499729,0,False
003d44b6-7ebf-40a7-bde2-c51fc32d61f3,1dd924eb-ab9a-4fd1-b287-3bed07fd6595,shokichi takakura,もしかしたらちょい遅れるかもです（先に始めといてください）,20251006,1759824479.556999,1759715467.499729,0,False
6FEF8D70-A50C-4769-9F5B-8C1181794AB6,6FEF8D70-A50C-4769-9F5B-8C1181794AB6,yudai tonoyama,"GraphRAG、時間とか考慮してないからコンフルと違って以前話したけど内容が変更になっているものまで取っている気がする
time awareにしないと行けなさそう…",20251006,1759748813.129789,1759748813.129789,4,True
6FEF8D70-A50C-4769-9F5B-8C1181794AB6,a773cb5d-43bc-4d9a-bf91-14f41d1fc85b,yudai tonoyama,"T-GRAG: A Dynamic GraphRAG Framework for Resolving Temporal Conflicts and Redundancy in Knowledge Retrieval
やっぱりそういう研究あった",20251006,1759761193.613149,1759748813.129789,0,False
6FEF8D70-A50C-4769-9F5B-8C1181794AB6,756c473e-df9a-4ee4-b25b-e505d8244e7f,yudai tonoyama,"このブログ、わかりやすい
https://tech.layerx.co.jp/entry/tkg-agent",20251006,1759761327.747399,1759748813.129789,0,False
6FEF8D70-A50C-4769-9F5B-8C1181794AB6,45ceb8c2-4f9f-491e-b79c-70b74e4f107a,yudai tonoyama,Temporal Knowledge Graph、略してTKGと言うらしい:fried_egg:,20251006,1759761406.996449,1759748813.129789,0,False
6FEF8D70-A50C-4769-9F5B-8C1181794AB6,71aa994f-e7a5-4043-a7ca-008752908393,yudai tonoyama,"これが最も使いやすそう
ちょっとヤベェやつ見つけちまったなぁ...
https://github.com/getzep/graphiti",20251006,1759769192.599709,1759748813.129789,0,False
78fb0d0e-767a-4df4-ac79-3a61df14d8a8,78fb0d0e-767a-4df4-ac79-3a61df14d8a8,yudai tonoyama,"Graphitiという最強OSSを見つけてしまったのでこれをベースに開発したいという気持ち
https://zenn.dev/kun432/scraps/3decba41797bbe",20251007,1759803762.761049,1759803762.761049,1,True
78fb0d0e-767a-4df4-ac79-3a61df14d8a8,4cfd36a3-1ac1-49a1-b757-abf00a89a44f,yudai tonoyama,"Graphiti、これのUIがないバージョンっぽい
https://app.getzep.com/playground",20251007,1759804188.033069,1759803762.761049,0,False
1759827548.963589,1759827548.963589,Slackbot,,20251007,1759827548.963589,1759827548.963589,22,True
1759827548.963589,a3cb539e-6eb5-4ace-8178-3d45b9c499a5,yudai tonoyama,あれ。声聞こえないかも,20251007,1759827742.590919,1759827548.963589,0,False
1759827548.963589,b5b9dd51-e1b0-4638-b05a-912c78835f67,yudai tonoyama,自分の通信が悪い？,20251007,1759827750.796349,1759827548.963589,0,False
1759827548.963589,9c5c492c-3589-4191-8b2c-7060ad67dae8,yudai tonoyama,https://github.com/Tonoyama/uniqorn/issues,20251007,1759827992.040049,1759827548.963589,0,False
1759827548.963589,ff2581c4-82c2-490b-9779-f3179f71b0b3,yhorita,我々のが聞こえてなさそうだね,20251007,1759828059.993789,1759827548.963589,0,False
1759827548.963589,6fd9e246-34f1-424b-af1c-f09f495ce609,yudai tonoyama,自分の声、また聞こえてないっぽいな...,20251007,1759828063.368109,1759827548.963589,0,False
1759827548.963589,14d74753-3da9-4df4-a6dd-9e5dff2e78f1,yhorita,とのやまさんのは聞こえてる,20251007,1759828064.441379,1759827548.963589,0,False
1759827548.963589,8dd8bf02-c316-4478-b913-1f87686ba5c6,yhorita,とのやまさんのスピーカーがおかしい,20251007,1759828070.062859,1759827548.963589,0,False
1759827548.963589,dd4c98ba-572c-4cf7-97a7-5e77a0aed076,yhorita,耳だったか,20251007,1759828076.120289,1759827548.963589,0,False
1759827548.963589,708aedc8-6859-41c9-9d9f-ea40ce6afd5c,sawaki oku,;;,20251007,1759828079.905239,1759827548.963589,0,False
1759827548.963589,2ec88424-9130-465d-946d-564921542c83,yhorita,ナレッジグラフの革命,20251007,1759828288.661989,1759827548.963589,0,False
1759827548.963589,fb0a26f0-1e7c-4d45-a5b4-5d7d09415b5a,konagata,contact@koukinagata.com,20251007,1759828461.420649,1759827548.963589,0,False
1759827548.963589,250f1bcb-d86f-4a82-8d28-83b8611d0983,yhorita,"Projects: @konagata 管理
Issues: @yudai tonoyama, @.Yusuke Sano 管理
になるイメージかな？",20251007,1759828722.320639,1759827548.963589,0,False
1759827548.963589,7fe4da48-9197-4351-9ab5-1b920552e001,yhorita,https://github.com/getzep/graphiti,20251007,1759828831.439379,1759827548.963589,0,False
1759827548.963589,b2fd661e-568f-42b5-b5ef-4b88864f5455,yudai tonoyama,https://app.getzep.com/playground,20251007,1759828923.101269,1759827548.963589,0,False
1759827548.963589,c2d7e80a-b671-471a-b286-052d24956b19,yudai tonoyama,"1名で2~3日だと5ptくらい
8pt… 1人1weekかけて頑張って終わる分
5pt… 1人数日かけて頑張って終わる分
3pt… 1人1日かけて頑張って終わる分
1pt...1人1時間程度",20251007,1759829506.326719,1759827548.963589,0,False
1759827548.963589,fece9da3-6254-43fd-a23e-a59698c4f949,yudai tonoyama,https://www.scrumpoker-online.org/en/room/81379082/scrum-poker,20251007,1759829711.044969,1759827548.963589,0,False
1759827548.963589,1d216012-1ed4-4f72-b8e1-1753b9ead8cd,yudai tonoyama,"みんなが何時間入れるか？
ポイント数を何pt消費できたか？
で1週間に消費できるpt数を予測できるようになる(実際やると大幅な誤差あり)",20251007,1759829829.410529,1759827548.963589,0,False
1759827548.963589,0d4398a3-457f-48c8-867a-3fb35428b886,yhorita,ﾗﾝｸﾞｸﾞﾗﾌｸﾞﾗﾌﾗｸﾞ,20251007,1759830572.925639,1759827548.963589,0,False
1759827548.963589,24021a7c-df30-47f4-abe8-b84dc8384eb9,yudai tonoyama,https://uniqorntalk.slack.com/archives/C09JQQMUHCZ/p1759671985908929?thread_ts=1759634534.960869&cid=C09JQQMUHCZ,20251007,1759830630.047539,1759827548.963589,0,False
1759827548.963589,3ee492df-3110-4358-b025-77a6bceecbb3,yudai tonoyama,@konagata 来週の日程調整どうしよう,20251007,1759832526.801269,1759827548.963589,0,False
1759827548.963589,90dbb50d-c7af-4222-8a6c-1868f91e5895,yudai tonoyama,来週の火曜日 18:00-,20251007,1759832544.342649,1759827548.963589,0,False
1759827548.963589,1759832832.186609,Slackbot,AI ハドルミーティング議事録の準備ができました。編集、共有、実施項目の割り当てを行ったり、後で処理するためにしまっておいたりできます。 :chipmunk:,20251007,1759832832.186609,1759827548.963589,0,False
1759827926.832749,1759827926.832749,yhorita,さんがこのチャンネルの AI ハドルミーティング議事録をオンにしました。この設定は*「チャンネル設定」*で管理します。,20251007,1759827926.832749,,0,True
47b6edd1-1ef5-4963-b852-1e0d1b013731,47b6edd1-1ef5-4963-b852-1e0d1b013731,yudai tonoyama,"GraphitiのGenSparkスライドはこちら！
https://www.genspark.ai/agents?id=6457e3af-1098-4a75-ac5d-acc00a60081a",20251007,1759845906.821689,,0,True
d7c906c2-182d-43d8-9ac2-804a25df5bbc,d7c906c2-182d-43d8-9ac2-804a25df5bbc,yudai tonoyama,"OpenAIのAPIキーです
今回のPJ以外の用途は不可です
```sk-xxxxxxx```
",20251008,1759913136.884109,,0,True
ed3a2497-d029-4ff2-a5bb-2710a4f4ab71,ed3a2497-d029-4ff2-a5bb-2710a4f4ab71,yudai tonoyama,GraphitiのMacでの環境構築についてDeep Research,20251008,1759915204.713459,,0,True
6ffdc8af-cf38-42cd-b142-bb7a8dd7c11f,6ffdc8af-cf38-42cd-b142-bb7a8dd7c11f,yudai tonoyama,"直pushしちゃったけど、GraphitiのMacでの環境構築をやってみたでござる:tehepero:
https://github.com/uniQorn-org/uniqorn/tree/main/graphiti-kuzu",20251008,1759918049.998899,,0,True
7ff3316d-d261-4556-b169-b884301ff4c3,7ff3316d-d261-4556-b169-b884301ff4c3,yudai tonoyama,"~デモデータを入れれるようになったよ(OpenAPI実装中)~
訂正：間違っていたので修正中
ぐぁぁぁ！大変すぎぃ！",20251009,1759972016.476879,,0,True
d39e704c-ad4c-4c38-a741-26c7fd7296fe,d39e704c-ad4c-4c38-a741-26c7fd7296fe,yudai tonoyama,"みんなもクイックスタートで見てみようぜ
https://github.com/uniQorn-org/uniqorn/tree/main/graphiti-kuzu
なんかグラフが繋がっていると良い感じに見える",20251009,1760004237.141689,,0,True
419bb977-d428-4589-9235-a3fa87ebafc5,419bb977-d428-4589-9235-a3fa87ebafc5,konagata,おもしろそう,20251009,1760004561.303549,,0,True
208c849e-a5a9-47be-8b1d-00f6c944e1d0,208c849e-a5a9-47be-8b1d-00f6c944e1d0,konagata,興味半分なんですけどクイックスタート見てみます,20251009,1760004593.001209,,0,True
e243b2b9-8b20-4773-9016-a268e9c65b75,e243b2b9-8b20-4773-9016-a268e9c65b75,konagata,タスクのチケットの方も今日ちょっとやります,20251009,1760004617.983759,,0,True
231b575a-45e6-43d3-9594-01ff95cbcc1f,231b575a-45e6-43d3-9594-01ff95cbcc1f,yudai tonoyama,!subteam^S09JN45NYKF もぜひぜひ進めれるところから進めていければ:man-bowing::dogezasakuretu:,20251010,1760096811.188309,,0,True
c3c62cb4-5e3e-456c-bfcf-b9540af05770,c3c62cb4-5e3e-456c-bfcf-b9540af05770,shokichi takakura,この3連休で頑張りやす:muscle:,20251011,1760147514.632329,,0,True
d2828b97-d97c-4360-8958-5cb31291268b,d2828b97-d97c-4360-8958-5cb31291268b,shokichi takakura,みなさん開発って私用pcでやってますか？,20251011,1760155975.898029,1760155975.898029,7,True
d2828b97-d97c-4360-8958-5cb31291268b,67d18472-ed3d-4806-a750-ae98bb65df95,konagata,github.com へのpushがVPN繋がってるとできないんだっけ？,20251011,1760159513.076509,1760155975.898029,0,False
d2828b97-d97c-4360-8958-5cb31291268b,4a2a8d49-1309-4065-8a26-5855374f1797,konagata,それ以外は社用でやるデメリット特にない？,20251011,1760159549.873889,1760155975.898029,0,False
d2828b97-d97c-4360-8958-5cb31291268b,cb4c57f3-256e-4dd5-8ba2-bd93e5b1b49d,shokichi takakura,そうなんだ知らなかった,20251011,1760164714.917049,1760155975.898029,0,False
d2828b97-d97c-4360-8958-5cb31291268b,d46f6e1e-beda-4adc-a9fe-d53418f032bc,shokichi takakura,単純に私用アカウント入れたくないなという気持ちだった,20251011,1760164764.398379,1760155975.898029,0,False
d2828b97-d97c-4360-8958-5cb31291268b,d73dbff4-925e-4648-8211-30855d9c7b75,shokichi takakura,でもclineないと開発できない体になっちまったぜ...,20251011,1760164902.638519,1760155975.898029,0,False
d2828b97-d97c-4360-8958-5cb31291268b,efbacd36-93f4-428e-b512-1e561c150a70,yudai tonoyama,社用PCでやってる,20251011,1760198753.607309,1760155975.898029,0,False
d2828b97-d97c-4360-8958-5cb31291268b,1ab72715-5266-455c-bb11-e3420159c753,yudai tonoyama,"でも個人でも有料版Claude使ってるから個人PCの方が自分は良いかも
sonnet 4.5使えるし",20251011,1760198798.383639,1760155975.898029,0,False
27aa2d73-d491-491d-bb3f-f42cc3ba73fa,27aa2d73-d491-491d-bb3f-f42cc3ba73fa,shokichi takakura,"graphiti動かそうとしたら
```Incorrect API key provided```
になってしまった...",20251011,1760168378.852579,1760168378.852579,6,True
27aa2d73-d491-491d-bb3f-f42cc3ba73fa,27db2267-34ad-4b09-b907-b258babe5d5f,konagata,"これで？
https://uniqorntalk.slack.com/archives/C09JQQMUHCZ/p1759913136884109",20251011,1760168543.872269,1760168378.852579,0,False
27aa2d73-d491-491d-bb3f-f42cc3ba73fa,cacc92c5-1ccf-49fe-873a-9de548a404df,shokichi takakura,これです,20251011,1760168599.411879,1760168378.852579,0,False
27aa2d73-d491-491d-bb3f-f42cc3ba73fa,881ab375-a669-48f1-9d38-ac1a48b27717,shokichi takakura,"```{'error': {'message': 'Incorrect API key provided: ""sk-proj**********************************************************************************************************************************************************DgA"". You can find your API key at https://platform.openai.com/account/api-keys.', 'type': 'invalid_request_error', 'param': None, 'code': 'invalid_api_key'}}```",20251011,1760168637.328529,1760168378.852579,0,False
27aa2d73-d491-491d-bb3f-f42cc3ba73fa,c0e791da-67ca-4950-9c52-e8414cc2af00,konagata,gpt-5はプロジェクト用のsk-projだと弾かれるサードパーティがあるだの、ダブルクオーテーションで囲ってない？だの言ってくる,20251011,1760169132.133569,1760168378.852579,0,False
27aa2d73-d491-491d-bb3f-f42cc3ba73fa,5ccfb41d-cc4f-43f2-a00e-156666e0f0cd,konagata,"1月のだけど
https://community.openai.com/t/project-api-keys-being-rejected/1088526/5",20251011,1760169211.316409,1760168378.852579,0,False
27aa2d73-d491-491d-bb3f-f42cc3ba73fa,1221c231-8f6b-4834-a8d6-b132cc40d10f,shokichi takakura,"多分これだ... :bigkansya:
> ダブルクオーテーションで囲ってない？",20251011,1760169760.473299,1760168378.852579,0,False
74a5957b-d615-4c20-8b31-970b3e8d2ab7,74a5957b-d615-4c20-8b31-970b3e8d2ab7,shokichi takakura,動いたー. `関連` ってエッジが多いな,20251011,1760171316.789089,1760171316.789089,5,True
46d7a93b-db41-4308-8423-f17dcf2db84e,46d7a93b-db41-4308-8423-f17dcf2db84e,shokichi takakura,これデータが悪いのですかね...,20251011,1760181025.692639,1760171316.789089,0,True
74a5957b-d615-4c20-8b31-970b3e8d2ab7,46d7a93b-db41-4308-8423-f17dcf2db84e,shokichi takakura,これデータが悪いのですかね...,20251011,1760181025.692639,1760171316.789089,0,False
74a5957b-d615-4c20-8b31-970b3e8d2ab7,a8585e59-f456-464b-adac-82a76a096107,yudai tonoyama,"うーん
おそらく...",20251011,1760198816.468229,1760171316.789089,0,False
74a5957b-d615-4c20-8b31-970b3e8d2ab7,655c0515-6b02-4610-acfe-604d456094d3,yudai tonoyama,データが悪さしてそう...,20251011,1760198825.231909,1760171316.789089,0,False
74a5957b-d615-4c20-8b31-970b3e8d2ab7,4f762521-4eb4-4d12-9aa4-e6ffee0ce9d6,yudai tonoyama,`scrape-slack` ディレクトリにあるコードでこのSlackのデータを取得できそうかも...,20251011,1760198880.513139,1760171316.789089,0,False
74a5957b-d615-4c20-8b31-970b3e8d2ab7,3f0331f8-d6ba-4ca8-8fb9-1e170e6f7cad,shokichi takakura,graphitiから可視化する部分で全部`関連` にされていそう,20251011,1760256522.601539,1760171316.789089,0,False
ae21aaf5-38f7-48e8-8475-b9f2f3baa0b8,ae21aaf5-38f7-48e8-8475-b9f2f3baa0b8,shokichi takakura,作業スレッド (takakura),20251011,1760173187.139199,1760173187.139199,5,True
ae21aaf5-38f7-48e8-8475-b9f2f3baa0b8,d508dc18-9f0d-4b66-a754-4baa3f775184,shokichi takakura,"> :jigsaw: まず前提：Graphitiの更新哲学
> Graphitiでは「知識を上書きしない」という原則があります。
>  すべての情報は「新しいエピソード（episode）」として*追記*され、
>  既存ノード・エッジは「失効（expire）」または「競合（conflict）」として*マーク*されるだけです。
> つまり：
> :pencil2: 変更 ＝ 「過去の主張を否定した新しい主張を、時間情報と出典付きで追加する」",20251011,1760173274.745739,1760173187.139199,0,False
ae21aaf5-38f7-48e8-8475-b9f2f3baa0b8,dc224efe-5738-4bdd-8609-02a2c95ea472,shokichi takakura,"> 主張を挿入する直前に、Graphiti は *同一の主語・述語を持つ有効（valid_to=null）な関係（Edge）* が存在するかをクエリします。
> ```
> MATCH (s:Entity {uuid:$subject_id})-[r:$predicate]->(o)
> WHERE r.valid_to IS NULL
> RETURN r```
> • もし既存エッジがなく、新しい主張ならそのまま追加されます。
> • 既存エッジがあれば → *conflict resolution logic* に進みます。
> 
> :brain: ⑤ コンフリクト解決ポリシー
> Graphiti には内部的に、コンフリクト時の解決方針（ポリシー）が2種類存在します：
> ポリシー処理方針用途例*invalidate（失効モード）*既存の主張を `valid_to = now` に設定し、新主張を追加する。旧知識は“過去の事実”として残す。事実訂正、値更新、明確な代替（例：価格変更）*coexist（並列保持モード）*旧主張も残し、新主張を別バージョン（confidence, provenance, 時点違い）として保持する。意見対立、未確定情報（例：2人が異なる証言をした）",20251011,1760173479.025659,1760173187.139199,0,False
ae21aaf5-38f7-48e8-8475-b9f2f3baa0b8,7f81e1c7-df3a-4430-abbf-60c0fabc97d6,shokichi takakura,なんかgraphitiの既存機能だけでできそうだな,20251011,1760173511.272319,1760173187.139199,0,False
ae21aaf5-38f7-48e8-8475-b9f2f3baa0b8,67fa19f8-d7d3-4251-923f-9b6862759fc0,shokichi takakura,"1. パターン1: 完全に自然言語で対話形式で修正させる
    ◦ 例: 「hogeのバージョンはv470から480に変わったよ」
    ◦ 実装: graphitiにepisodeを追加する
2. パターン2: 使われているコンテクストのなかの単語（entity)を直接編集する
    ◦ 例: https://uniqorntalk.slack.com/archives/C09JQQMUHCZ/p1759518470703079 でバージョンをv470 -> v480に変える
    ◦ 実装: graphitiのデータベースを直接いじる",20251011,1760174076.254309,1760173187.139199,0,False
ae21aaf5-38f7-48e8-8475-b9f2f3baa0b8,9bbf8107-d7bd-465d-8225-5a9d1a062934,shokichi takakura,graphitiお勉強タイム,20251011,1760256884.573499,1760173187.139199,0,False
b8c51915-e74d-48d8-9c27-eea607108950,b8c51915-e74d-48d8-9c27-eea607108950,Takuto Nariura,"@yudai tonoyama san, !subteam^S09JKBHCETD
10月の決定事項（MTG終了後トリガーの実装）において、
これ実装したいみたいなストーリーは既に確定しています…？

今日明日はちょっと時間あるので、簡単に実装して動かせないか確認できそうです",20251013,1760325355.715469,1760325355.715469,6,True
b8c51915-e74d-48d8-9c27-eea607108950,5a6bf56d-e85e-4903-90fc-45d5ab953e5c,konagata,"@Takuto Nariura
MTG終了後トリガーの実装に関してtonoyama-sanがまとめてくれたissueがこちら
https://github.com/uniQorn-org/uniqorn/issues/2
これだと大きすぎるので、5の項目に分けてバックエンドメンバーにアサインしています(第2回バックエンド回)
https://uniqorntalk.slack.com/archives/C09JR6JRS4R/p1759833533613889",20251013,1760327993.192419,1760325355.715469,0,False
b8c51915-e74d-48d8-9c27-eea607108950,5cf797fe-6577-4a65-86be-5d1db29b8ee3,konagata,"関連スレッド
• 通常のGraphRAGだと時系列を持てていなかったが、Graphitiというライブラリを用いることで動的なナレッジグラフの更新に強くできそう
https://uniqorntalk.slack.com/archives/C09JQQMUHCZ/p1759803762761049
• フロントはGraphitiを叩く。APIのI/Fが決まると動ける範囲が増えるので優先度高く行いたい
https://uniqorntalk.slack.com/archives/C09HT2Y2YRL/p1759833875365549",20251013,1760328740.846779,1760325355.715469,0,False
b8c51915-e74d-48d8-9c27-eea607108950,76af5244-6d81-4fda-b6f6-4d9d3fb1aa47,konagata,"> これ実装したいみたいなストーリー
この質問に回答すると、
• zoom MTG後発火するWebhookからMTGをサマリ→ネクストアクション抽出
• slackの会話をコンテキストとして持たせたtime awareなナレッジグラフを参照
• GitHub Issue案を自動生成
になるでしょうか（上のリンクを言い換えただけだけど）",20251013,1760329106.736679,1760325355.715469,0,False
b8c51915-e74d-48d8-9c27-eea607108950,9afdb31c-4f7c-48c2-8497-330a5a9a5f67,konagata,"@yudai tonoyama
ストーリーとしてはこれで理解合ってますか？",20251013,1760329140.689199,1760325355.715469,0,False
b8c51915-e74d-48d8-9c27-eea607108950,9dde20ca-9adc-4c8e-9d89-98d813078db6,konagata,"アウトプットがGitHub issueになったところは自分が関わっていないのですが、
メタメタのような「自分たちが使うものを作る」のエンジニア目線かなという理解

*Zoom+常時オン*
→これは全員が使っている+孫さん&審査員が注目している点なので入りとして決定で、
アウトプットはGitHub issueの例で上手くいったら他の業務内容や職種でもいけます、という話に今後広げたい",20251013,1760329480.692669,1760325355.715469,0,False
b8c51915-e74d-48d8-9c27-eea607108950,e0fb2e47-066f-4a64-bae4-c603e79642b4,Takuto Nariura,"ちょっとGraphti を触ってみてから、
常時ONのプロトタイプを進めていきます",20251013,1760336022.282759,1760325355.715469,0,False
cd76a5c7-2b4d-4ec0-9aa1-a5edc03c6b4b,cd76a5c7-2b4d-4ec0-9aa1-a5edc03c6b4b,konagata,"【疑問】
ベクトルストアと異なりナレッジグラフならコンテキストを更新できるという点、とても強いが危うさを感じた
管理者がRAGの知識を入れるGPTsやSeekAIと違い、1ユーザーが嘘情報で更新することも可能？
各ドメインの専門家の知識が還元されて他ユーザーに届く形にできると真にデジタルツインに近づきそう
https://github.com/uniQorn-org/uniqorn/issues/4#issuecomment-3392736630",20251013,1760346338.139369,1760346338.139369,1,True
cd76a5c7-2b4d-4ec0-9aa1-a5edc03c6b4b,8e3d2bba-bf5f-4ea1-acb1-c43419e5b890,sawaki oku,課題がブロックチェーン,20251013,1760521422.953919,1760346338.139369,0,False
4508fc23-8e2b-4dd7-9085-5649c58abfb1,4508fc23-8e2b-4dd7-9085-5649c58abfb1,shokichi takakura,ようやくそれっぽいのが出てきた...,20251013,1760359067.337109,1760359067.337109,2,True
7284462e-adc8-4461-98e7-3c3b01b1206c,7284462e-adc8-4461-98e7-3c3b01b1206c,shokichi takakura,"PR出しました。全部`関連`になっちゃってたのを直しました。結構変えちゃったので問題あれば教えてください @yudai tonoyama
https://github.com/uniQorn-org/uniqorn/pull/16",20251013,1760360378.262759,1760359067.337109,0,True
4508fc23-8e2b-4dd7-9085-5649c58abfb1,7284462e-adc8-4461-98e7-3c3b01b1206c,shokichi takakura,"PR出しました。全部`関連`になっちゃってたのを直しました。結構変えちゃったので問題あれば教えてください @yudai tonoyama
https://github.com/uniQorn-org/uniqorn/pull/16",20251013,1760360378.262759,1760359067.337109,0,False
4508fc23-8e2b-4dd7-9085-5649c58abfb1,935ffc1c-68bb-4ca7-b21b-d361a8c3ce41,yudai tonoyama,良い感じに動きました！,20251013,1760365295.308039,1760359067.337109,0,False
e5196ed3-590d-43f8-ac1c-42a22b02b4d6,e5196ed3-590d-43f8-ac1c-42a22b02b4d6,yudai tonoyama,"Slackのトークンはこちらです！
https://devais.io/2025/04/10/vol24-_rag%E5%9E%8B%E7%A4%BE%E5%86%85%E3%83%81%E3%83[…]1%A7slack%E3%83%87%E3%83%BC%E3%82%BF%E5%8F%96%E5%BE%97_part2of7/",20251013,1760360028.249609,1760360028.249609,2,True
04c65e28-5e38-4071-9395-2560565e9ce5,5456213f-0ced-47cb-8b5c-049565437f02,yudai tonoyama,"ん？slack-read-appを追加できないな...
なぜなのか...？",20251013,1760360323.302939,1760360028.249609,0,False
04c65e28-5e38-4071-9395-2560565e9ce5,43511743-c2c7-4908-903c-0a4212cd86a4,yudai tonoyama,他のメンバーもオーナー権限付いているから理論上できるはずだが...,20251013,1760360346.645569,1760360028.249609,0,False
8f928590-9eb4-4fc4-9dd1-f55638e3642e,8f928590-9eb4-4fc4-9dd1-f55638e3642e,yudai tonoyama,"!subteam^S09JN45NYKF
本日のバックエンド会ですが、18-19時が厳しそうなため、もっと早めにできたりしますか？
なお、ytonoyamは明日は大丈夫です",20251014,1760423052.129899,1760423052.129899,13,True
8f928590-9eb4-4fc4-9dd1-f55638e3642e,f0d811e2-d271-4cbb-9649-5558a650ccb5,shokichi takakura,17-18は:ok_hand:,20251014,1760423105.357849,1760423052.129899,0,False
8f928590-9eb4-4fc4-9dd1-f55638e3642e,e37280e0-29dd-48c7-b3de-df1e403b5209,yhorita,私とsaokuが無理そう,20251014,1760423128.926369,1760423052.129899,0,False
8f928590-9eb4-4fc4-9dd1-f55638e3642e,b96c47fc-f808-4462-8d44-1442f9a6749d,yudai tonoyama,自分は、17-18時OKです,20251014,1760423140.410789,1760423052.129899,0,False
8f928590-9eb4-4fc4-9dd1-f55638e3642e,138329d3-65a0-4039-ab93-8b9dc521e7b2,yhorita,arisawa-sanも17:30まで埋まってるね,20251014,1760423171.593989,1760423052.129899,0,False
8f928590-9eb4-4fc4-9dd1-f55638e3642e,fe506c31-df6a-4b23-932b-b9fc0acd13f0,yudai tonoyama,"承知です
では、17-18時に @shokichi takakura sanとMTG。
@Tatsuya Arisawa sanは参加できる時間から。
18-19にhorita sanとsaoku sanが参加するという形で大丈夫そうですかね？",20251014,1760423403.428289,1760423052.129899,0,False
8f928590-9eb4-4fc4-9dd1-f55638e3642e,f23d782c-ae92-47af-acda-4364ca5c50ee,yhorita,"うーーん、そのボロボロ具合だったらリスケしたいかもです、、
同期コミュニケーションは同期である意味のある内容を基本全員でやりたい、という方針なので",20251014,1760423478.228749,1760423052.129899,0,False
8f928590-9eb4-4fc4-9dd1-f55638e3642e,5a026171-6255-4749-96a3-bad859d957d2,yudai tonoyama,リスケの話になり大変申し訳ないのですが、!subteam^S09JN45NYKF 明日はいかがでしょうか？,20251014,1760423717.849799,1760423052.129899,0,False
8f928590-9eb4-4fc4-9dd1-f55638e3642e,84d4bed7-f272-4ef2-8456-bfbb8436fc31,sawaki oku,明日大丈夫です！,20251014,1760423934.421829,1760423052.129899,0,False
8f928590-9eb4-4fc4-9dd1-f55638e3642e,30f8af78-e165-41d6-a8fa-321c4fc4e906,shokichi takakura,:ok_hand:,20251014,1760424454.680649,1760423052.129899,0,False
8f928590-9eb4-4fc4-9dd1-f55638e3642e,0bd23a8c-31fe-48ef-90ab-06a5141174dc,Tatsuya Arisawa,:+1:,20251014,1760424521.441249,1760423052.129899,0,False
8f928590-9eb4-4fc4-9dd1-f55638e3642e,39a8940a-8755-4a9e-951e-a2790ce05cc8,yudai tonoyama,"では、明日の18-19時でいかがでしょうか:man-bowing:
大変申し訳ないです:man-bowing:",20251014,1760424525.918029,1760423052.129899,0,False
8f928590-9eb4-4fc4-9dd1-f55638e3642e,073f2357-3ad6-44f4-937c-9f78463d9fb3,konagata,明日了解です:+1:,20251014,1760424646.853729,1760423052.129899,0,False
8f928590-9eb4-4fc4-9dd1-f55638e3642e,6d964b45-7f53-4368-bdf0-cd0d7bc7f58d,yudai tonoyama,"すみません！
ありがとうございます！:man-bowing:",20251014,1760424719.155579,1760423052.129899,0,False
1760518661.084259,1760518661.084259,Slackbot,,20251015,1760518661.084259,1760518661.084259,20,True
68ce2444-99f9-41e8-80b9-0d380dd95b1b,68ce2444-99f9-41e8-80b9-0d380dd95b1b,konagata,このMTGもZoomで行って、Webhook飛んでくるか確認した方がいい,20251015,1760520947.936639,1760518661.084259,0,True
1760518661.084259,ff54e2e0-ccd0-41fd-91bf-f1200b6f9cb2,yhorita,遅れてますすんません,20251015,1760519241.228199,1760518661.084259,0,False
1760518661.084259,b646e44b-e366-46a6-a996-595ff49ac3f6,konagata,データベース設計が欲しい,20251015,1760519300.217059,1760518661.084259,0,False
1760518661.084259,d109a382-99a1-46ad-8caa-45e66bf72c20,konagata,会話データのjson？,20251015,1760519375.850959,1760518661.084259,0,False
1760518661.084259,c06448c1-f50a-49d7-92ed-a392871d1828,yudai tonoyama,"今回、グラフDBだと思うからちょっと特殊かも
OSSのグラフDB「Kuzu」を使ってる",20251015,1760519423.531059,1760518661.084259,0,False
1760518661.084259,9a973220-33a5-494e-b2e1-50d73cbd1a14,yudai tonoyama,https://codezine.jp/article/detail/5130,20251015,1760519882.724699,1760518661.084259,0,False
1760518661.084259,5b18aeac-bbc7-40fc-8ef7-40fb3b2141df,konagata,~GraphRAGとGraphitiの使い分け~,20251015,1760520171.124389,1760518661.084259,0,False
1760518661.084259,b8e4ac17-7145-4c26-b401-b812c3bfa4f4,yudai tonoyama,"*# 現状*
Graphitiで文章をグラフ化することはできた。
*# 課題*
ユーザに回答する際にグラフのどのノードとエッジを取って来るかどうかをわかるようにしたい。
*# 嬉しいポイント*
ノードとエッジを取って来れればユーザがグラフを編集できるようになる。",20251015,1760520241.411789,1760518661.084259,0,False
1760518661.084259,68ce2444-99f9-41e8-80b9-0d380dd95b1b,konagata,このMTGもZoomで行って、Webhook飛んでくるか確認した方がいい,20251015,1760520947.936639,1760518661.084259,0,False
1760518661.084259,35b9fdb0-24b7-4715-b981-6dcf27f0d7ad,yudai tonoyama,次回からはMTG、Zoomでやるンゴね,20251015,1760520984.099269,1760518661.084259,0,False
1760518661.084259,5f8b14ad-4289-4ce4-8f79-db2852a84ee8,sawaki oku,"食わせるSlackのデータについて
• デモは社内データを見せれないので、我々のUnicornワークスペースのSlackデータを使いたい -> 優先度 high
• ↑ができるようになるまでは、一旦デモデータで開発を進める
• 発表や資料には、LYのデータで検証しました！を言いたいのでこれもやりたい、patで動くようにしないといけない",20251015,1760521126.973189,1760518661.084259,0,False
1760518661.084259,7ece0125-ca7c-48b5-9ee1-5aea814ce004,konagata,https://uniqorntalk.slack.com/archives/C09JQQMUHCZ/p1760346338139369,20251015,1760521367.036859,1760518661.084259,0,False
1760518661.084259,33066d42-7e26-4754-9bc3-b1dd121eff9e,konagata,いつのエッジを見るかでバージョン管理が可能,20251015,1760521474.963439,1760518661.084259,0,False
1760518661.084259,41b6c478-afef-41d6-b624-779ef4883519,yudai tonoyama,でもKuzuの方でバージョン管理とかデフォルトでアリそうと思った,20251015,1760521935.310739,1760518661.084259,0,False
1760518661.084259,a97ed65f-f001-4782-a5ad-9da3f9c16840,yudai tonoyama,DBならバージョン管理機能ぐらいあるでしょ(未調査),20251015,1760521964.136079,1760518661.084259,0,False
1760518661.084259,3a2fc18f-0d16-48c6-951c-2c1f42094ba0,konagata,一個先の話をしてしまっていた,20251015,1760522002.396969,1760518661.084259,0,False
1760518661.084259,ecb3edc4-7f36-4062-b1a4-903f1062fd35,yhorita,"このあと予定あるので少し先に失礼しますmm

N.A.と次回MTG日時だけはっきりさせてから解散していただけると！",20251015,1760522172.329339,1760518661.084259,0,False
1760518661.084259,b00a6ceb-867f-4687-a878-d9821a2bc32c,konagata,"まずは手元のGraphitiのコンテキストを修正することを目指す
コンテキスト修正をCristalに反映するみたいなロードマップを打ち出せると強いが、目先の開発とは切り分けて考える",20251015,1760522242.379899,1760518661.084259,0,False
1760518661.084259,d326ab26-cd56-4d28-8c18-b78802b88db8,konagata,"!subteam^S09JRJEMSGJ
先ほど話したnext actionを対応するissueに書いておいてもらえると助かります！
対応するissueがない場合は新しく作成します",20251015,1760522783.135739,1760518661.084259,0,False
1760518661.084259,9bf3f2a8-d219-4c3d-8146-741146db6544,konagata,"!subteam^S09JN45NYKF !subteam^S09JKBHCETD
来週10/22(水) 19:00-20:00でinviしました",20251015,1760522986.221109,1760518661.084259,0,False
1760518661.084259,1760523194.757469,Slackbot,AI ハドルミーティング議事録の準備ができました。編集、共有、実施項目の割り当てを行ったり、後で処理するためにしまっておいたりできます。 :chipmunk:,20251015,1760523194.757469,1760518661.084259,0,False
ad6dbbbd-1e92-46d9-9b5f-f92d381cc696,ad6dbbbd-1e92-46d9-9b5f-f92d381cc696,yhorita,"@issei matsumoto
いっせいってバックエンドもいけるよね？
現状だとまだフロント動き出せなさそう、って感じであれば
バックエンドのタスク手伝ってもらうのもありかなと思ったんだけどどう？

@yudai tonoyama @konagata @Yusuke Sano",20251016,1760599468.763209,1760599468.763209,27,True
ad6dbbbd-1e92-46d9-9b5f-f92d381cc696,c502de82-a927-498e-ac7b-c70a26dc5b9c,issei matsumoto,"@yhorita @yudai tonoyama @konagata
どんなタスクが今あるか聞きたいです！
本務が今かなり忙しいのと、バックエンドといっても僕が書いているのって、BFFなどが多くて、特にAI系の実装タスクはちょっと力になれなさそうなので、どんなタスクがあって、どんな前提知識を求められるのかを聞いてから手伝えるかどうか判断できないかなぁと思ってます。",20251016,1760603219.005909,1760599468.763209,0,False
ad6dbbbd-1e92-46d9-9b5f-f92d381cc696,af7b6948-9915-4997-b837-d004ce8635a6,yhorita,"あ、本務忙しいのね、、

https://github.com/orgs/uniQorn-org/projects/1
タスク切ってあるのは見てもちょっと情報足りん？",20251016,1760603617.768649,1760599468.763209,0,False
ad6dbbbd-1e92-46d9-9b5f-f92d381cc696,6b806b0d-3d34-4662-b6ba-0a007275a6c5,issei matsumoto,"ありがとう！
見たんだけど、これだけだと、「じゃあ、これならできそう！」とはならんかも……
PRやissueも確認したんだけど、全体像が見えてないので、まずどれからやるべきかも判断がつかず……
とりあえずgraphiti動かせるようにすべき？",20251016,1760607957.309969,1760599468.763209,0,False
ad6dbbbd-1e92-46d9-9b5f-f92d381cc696,6f676bf0-5855-4539-a304-154e6f4004a6,yudai tonoyama,Graphitiのタスクだと結構ややこしいと思うから、とりあえずサクッとできそうなものとしてはZoomのMTG終了時を検知する方法を調査するとかかなと。,20251016,1760608149.457329,1760599468.763209,0,False
ad6dbbbd-1e92-46d9-9b5f-f92d381cc696,f015bcff-17df-4307-909f-1163d297438a,yudai tonoyama,実際にZoom MTG終了時にwebhookでpythonなどなんらかのプログラムが動くようにするという想定,20251016,1760608258.617369,1760599468.763209,0,False
ad6dbbbd-1e92-46d9-9b5f-f92d381cc696,7753b8c5-3386-4e27-afad-b3949f77d726,issei matsumoto,"なるほど。これってまだ誰も手をつけてない？
これならできるかもしれない。",20251016,1760619517.055989,1760599468.763209,0,False
ad6dbbbd-1e92-46d9-9b5f-f92d381cc696,69a0f75d-ff9a-41e9-a50a-3171e5fbf746,yudai tonoyama,"そうだね
自分がとりあえずアサインだったけど、タスクを分散できるに越したことはないからぜひやっていただけるとありがたいです:pray:",20251016,1760625783.312289,1760599468.763209,0,False
ad6dbbbd-1e92-46d9-9b5f-f92d381cc696,9b207fd3-7513-4219-938c-dd32c1b87bfd,issei matsumoto,承知しました！,20251016,1760662982.146479,1760599468.763209,0,False
ad6dbbbd-1e92-46d9-9b5f-f92d381cc696,0fe7efbe-9a01-449c-85e8-7ff2665a9921,konagata,"@yudai tonoyama @issei matsumoto
昨晩とのやまさんwebhook通知を作ってくれたけど、どこからいっせいにお願いする部分？

issue のタイトルがもう終わったものになってるので、担当決めて新しく切ってしまった方がいいかなと思ってます！

現状の理解
• 検知する方法←done
• Webhook通知←とのやまさん
• 通知から動かすPythonスクリプト部分←まだ
https://uniqorntalk.slack.com/archives/C09JQQMUHCZ/p1761060851259959",20251016,1761098339.342369,1760599468.763209,0,False
ad6dbbbd-1e92-46d9-9b5f-f92d381cc696,a5b2a738-2983-41c8-90b8-ebca48395ef9,yudai tonoyama,"そうですね
現在、無料版のZoom webhookで動くことがわかったので、有料版のZoomで終了と同時に文字起こしも送信できるというものが必要そうですね",20251016,1761110493.667779,1760599468.763209,0,False
ad6dbbbd-1e92-46d9-9b5f-f92d381cc696,261b1fe0-e656-466b-a1ab-c7c469c8067b,konagata,"@issei matsumoto @yudai tonoyama
こちら以下に新しくissue切りました！
https://github.com/uniQorn-org/zoom-webhook/issues/1
（zoom-webhookの方に切りました、OrgのProjectsに配置済）
現状検知だけのスクリプトになっているものを、Pro版のアプリをZoomの方で作って、文字起こしを受け取るところまでまず行いたいで理解あってますか？

わからないことあればどんどん聞いてください！:man-bowing:",20251016,1761272896.608029,1760599468.763209,0,False
ad6dbbbd-1e92-46d9-9b5f-f92d381cc696,b859faee-0b7f-45de-8bb0-99fc4503c9aa,yudai tonoyama,"> Pro版のアプリをZoomの方で作って、文字起こしを受け取るところまでまず行いたい
はい！同じ認識です！",20251016,1761273143.725889,1760599468.763209,0,False
ad6dbbbd-1e92-46d9-9b5f-f92d381cc696,e7069f1a-a12c-4945-8d55-6f1aa4e35e5e,yudai tonoyama,"文字起こしをLLM、GraphRAGに送信できたらかなり大きいですね
そのため、このissueが必要です",20251016,1761273214.653839,1760599468.763209,0,False
ad6dbbbd-1e92-46d9-9b5f-f92d381cc696,b53191e6-7311-46b9-8e8a-4514e37f12d2,yudai tonoyama,"@issei matsumoto
こちらのissue、対応可能でしょうか？
https://github.com/uniQorn-org/zoom-webhook/issues/1",20251016,1761273413.054449,1760599468.763209,0,False
ad6dbbbd-1e92-46d9-9b5f-f92d381cc696,66cc2598-a791-4a4f-abe4-ebc148b419f4,issei matsumoto,できるとしたら来週以降になると思いますね……,20251016,1761274919.469329,1760599468.763209,0,False
ad6dbbbd-1e92-46d9-9b5f-f92d381cc696,cb3bd37f-e502-432e-82b3-58b43bac6cd3,yhorita,"来週のフロント会でフロントタスク生えそうだから、もしとのやまさんが土日でこのタスク進められそうとかであればやってもらっちゃうのもありかも？
とのやまさんがやるとしても週明け着手になりそうってことだったら続行でいっせいにお願いする感じでどうでしょ！",20251016,1761295809.225039,1760599468.763209,0,False
ad6dbbbd-1e92-46d9-9b5f-f92d381cc696,d8c02a23-8eff-457c-a3d1-5f243f48c706,yudai tonoyama,今週は明日から技書博で本を売りにいくのでなかなか...,20251016,1761296053.068709,1760599468.763209,0,False
ad6dbbbd-1e92-46d9-9b5f-f92d381cc696,c57d9745-c83e-418a-8ee6-6e0099228064,yudai tonoyama,とはいえ、空いている時間があれば手をつけようと思います,20251016,1761296162.269619,1760599468.763209,0,False
ad6dbbbd-1e92-46d9-9b5f-f92d381cc696,0f363cac-0add-4045-87f5-b3e4af16ac5a,yhorita,"あ、そうでした
いや全然無理せずで",20251016,1761296250.929909,1760599468.763209,0,False
ad6dbbbd-1e92-46d9-9b5f-f92d381cc696,35BE0FDF-F4F6-4B69-8A3C-A1238F7834E9,yudai tonoyama,"@yhorita どうしよう
とりあえず、管理者権限とか貰えるならもらいたいかも",20251016,1761305708.943539,1760599468.763209,0,False
ad6dbbbd-1e92-46d9-9b5f-f92d381cc696,914B50F5-0C03-4A66-8F86-EDA72E0D1FC3,yhorita,"あれ、渡してないっけ
帰ったら渡します
@konagata 
もしすぐpc開ける状態なら渡しておいてくれると助かるかも",20251016,1761305761.522169,1760599468.763209,0,False
ad6dbbbd-1e92-46d9-9b5f-f92d381cc696,4e76d8bf-5fed-4e44-8761-2fa6f9d8ab2e,yhorita,"@yudai tonoyama
まずメール開いてzoomアカウントアクティベートしてもらわないと権限渡せないです！！",20251016,1761308115.090539,1760599468.763209,0,False
ad6dbbbd-1e92-46d9-9b5f-f92d381cc696,3c8f2e7b-af57-48e7-a5cd-7ac3a542d59a,yhorita,一応メール再送しました,20251016,1761308133.559079,1760599468.763209,0,False
ad6dbbbd-1e92-46d9-9b5f-f92d381cc696,bb943c2a-f2dc-4191-b118-d0c1877740b8,yhorita,お風呂入ってきちゃうね,20251016,1761308148.958529,1760599468.763209,0,False
ad6dbbbd-1e92-46d9-9b5f-f92d381cc696,E4E73C01-926E-464B-B128-E58C782D7DC8,yudai tonoyama,"あ..たしかに来てた:pray:
とりあえずアカウント切り替え中です",20251016,1761308863.314599,1760599468.763209,0,False
ad6dbbbd-1e92-46d9-9b5f-f92d381cc696,a8171996-e42b-4df5-80f8-5f1c67871360,yhorita,ほい！Admin渡しました,20251016,1761309954.353559,1760599468.763209,0,False
ad6dbbbd-1e92-46d9-9b5f-f92d381cc696,F81CDA1B-4EDF-48BE-A108-D2AC50DD6B9A,konagata,すまん助かりました:pray:,20251016,1761313760.769109,1760599468.763209,0,False
01702b76-fa6e-4f6b-ba83-6901d21f828e,01702b76-fa6e-4f6b-ba83-6901d21f828e,sawaki oku,任意のSlackデータを食わせたい作業スレ,20251021,1761042700.112129,1761042700.112129,7,True
01702b76-fa6e-4f6b-ba83-6901d21f828e,56dec92d-0f2d-4e7d-928f-a5949bbc9d32,sawaki oku,yhoritaとaccess_tokenしかいないけど行けてそうかな、食わせるデータが少ないだけかも,20251021,1761042786.783829,1761042700.112129,0,False
01702b76-fa6e-4f6b-ba83-6901d21f828e,1d105d36-1ea4-490c-b491-c1bf4ff83aea,sawaki oku,とんでもなくSlackデータ食うの遅いだけ説あるな,20251021,1761042811.343439,1761042700.112129,0,False
01702b76-fa6e-4f6b-ba83-6901d21f828e,d8939bde-59d8-4394-a1ad-890a3e653625,sawaki oku,あとタイプスタンプエラー出なくなったのは何故だろうか,20251021,1761042833.444209,1761042700.112129,0,False
01702b76-fa6e-4f6b-ba83-6901d21f828e,44DB2212-9C10-4620-AC2A-7315AF737E89,yhorita,私とaccess_tokenは関係があるのねw,20251021,1761045763.868979,1761042700.112129,0,False
01702b76-fa6e-4f6b-ba83-6901d21f828e,3128c862-bc75-4729-8db4-9ea5d98467f3,sawaki oku,u とaccess_tokenさんだけでunicorn回ってるかもしれん,20251021,1761046355.846949,1761042700.112129,0,False
01702b76-fa6e-4f6b-ba83-6901d21f828e,d5af7176-c243-4fd2-9a0e-3c986c8e9399,sawaki oku,graphiti.add_episode()でopenai apiのembedding呼んでるのか...多少並列化しても時間かかるのは変わらんな...,20251021,1761053069.015689,1761042700.112129,0,False
01702b76-fa6e-4f6b-ba83-6901d21f828e,293d884c-880a-4fc8-adde-0a48e28b0352,sawaki oku,んーデータ数少ないからか、あんまり意味のあるグラフができないな,20251021,1761053947.035109,1761042700.112129,0,False
d3588a0a-7d90-49e5-9263-cd6346dec862,d3588a0a-7d90-49e5-9263-cd6346dec862,yudai tonoyama,"ZoomのMTG終了時にwebhook通知するやつを作成しました。
https://github.com/uniQorn-org/zoom-webhook
Zoomの無料版ではwebhookで検知することはできるものの文字起こしの内容を持ってこようとするとPro版のAPIを使う必要がありそう...
ーーー
## Zoomの設定
https://marketplace.zoom.us の右上、Build AppからWebhook Only Appでアプリを作成。
webhookエンドポイントには、https://410674618b95.ngrok-free.app/zoom/webhook のようなngrokで生成したURLを指定。",20251022,1761060851.259959,1761060851.259959,6,True
d3588a0a-7d90-49e5-9263-cd6346dec862,bf7ea7ea-963f-4096-be71-5b75381c3438,konagata,"@yudai tonoyama
Pro用のアカウント作ってもらったけど、それでMTG作成したら自分も現状の機能と繋げられる？
Webhook only appからやってみようとしたが自分のアカウントでアプリ作成できなかったのでURL発行お願いしたい:man-bowing:",20251022,1761126229.226839,1761060851.259959,0,False
d3588a0a-7d90-49e5-9263-cd6346dec862,547d548b-1d0a-4369-bcea-f08fe37233ed,konagata,adminに上げてもらったのでできそう,20251022,1761126353.372039,1761060851.259959,0,False
d3588a0a-7d90-49e5-9263-cd6346dec862,1576861c-ee1b-45c4-be7d-658037286c57,konagata,"~@yudai tonoyama~
~やっぱりwebhook urlのvalidateうまくいかなかったので、とのやまさんのアカウントでzoom立ててもらってもいいですか？~:man-bowing:",20251022,1761127219.344249,1761060851.259959,0,False
d3588a0a-7d90-49e5-9263-cd6346dec862,daeb2765-67fc-475d-be4d-393f270301b1,konagata,このままカレンダーのURLで行います,20251022,1761127587.222239,1761060851.259959,0,False
d3588a0a-7d90-49e5-9263-cd6346dec862,a04457f4-36a3-4418-ace0-54ae368a3d5b,yhorita,,20251022,1761127689.149119,1761060851.259959,0,False
d3588a0a-7d90-49e5-9263-cd6346dec862,d7d186d0-2bcd-40f9-a6fd-e05efc3d0f4e,yhorita,@konagata,20251022,1761127694.226099,1761060851.259959,0,False
f4a5f59a-22a3-44fa-b4e3-44e8ff9f058f,f4a5f59a-22a3-44fa-b4e3-44e8ff9f058f,shokichi takakura,graphragって特定のライブラリを指している？それとも一般的な概念？,20251025,1761368620.578369,1761368620.578369,2,True
f4a5f59a-22a3-44fa-b4e3-44e8ff9f058f,E73C7B58-9052-4EF6-BE51-7722D64A3797,yudai tonoyama,最初はMicroSoftのGraphRAGから来てるんだろうけど、今はナレッジグラフでRAGの精度向上に取り組んだもの全般のイメージ,20251025,1761369369.194349,1761368620.578369,0,False
f4a5f59a-22a3-44fa-b4e3-44e8ff9f058f,7d89ec73-137e-412d-ba48-b605553eddcf,shokichi takakura,我々はmicrosoftのやつを使う？,20251025,1761375789.612579,1761368620.578369,0,False
